Image,Count
D12E-D13E_DSC04509_a_1_D13E_a_10.png,86
D12E-D13E_DSC04509_a_1_D13E_a_100.png,59
D12E-D13E_DSC04509_a_1_D13E_a_101.png,95
D12E-D13E_DSC04509_a_1_D13E_a_102.png,67
D12E-D13E_DSC04509_a_1_D13E_a_103.png,67
D12E-D13E_DSC04509_a_1_D13E_a_104.png,73
D12E-D13E_DSC04509_a_1_D13E_a_105.png,102
D12E-D13E_DSC04509_a_1_D13E_a_106.png,81
D12E-D13E_DSC04509_a_1_D13E_a_107.png,64
D12E-D13E_DSC04509_a_1_D13E_a_11.png,52
D12E-D13E_DSC04509_a_1_D13E_a_110.png,33
D12E-D13E_DSC04509_a_1_D13E_a_112.png,71
D12E-D13E_DSC04509_a_1_D13E_a_113.png,81
D12E-D13E_DSC04509_a_1_D13E_a_114.png,54
D12E-D13E_DSC04509_a_1_D13E_a_115.png,20
D12E-D13E_DSC04509_a_1_D13E_a_116.png,18
D12E-D13E_DSC04509_a_1_D13E_a_117.png,33
D12E-D13E_DSC04509_a_1_D13E_a_118.png,54
D12E-D13E_DSC04509_a_1_D13E_a_120.png,57
D12E-D13E_DSC04509_a_1_D13E_a_121.png,44
D12E-D13E_DSC04509_a_1_D13E_a_123.png,23
D12E-D13E_DSC04509_a_1_D13E_a_124.png,40
D12E-D13E_DSC04509_a_1_D13E_a_125.png,27
D12E-D13E_DSC04509_a_1_D13E_a_126.png,26
D12E-D13E_DSC04509_a_1_D13E_a_127.png,29
D12E-D13E_DSC04509_a_1_D13E_a_128.png,28
D12E-D13E_DSC04509_a_1_D13E_a_129.png,21
D12E-D13E_DSC04509_a_1_D13E_a_130.png,30
D12E-D13E_DSC04509_a_1_D13E_a_131.png,72
D12E-D13E_DSC04509_a_1_D13E_a_133.png,34
D12E-D13E_DSC04509_a_1_D13E_a_135.png,90
D12E-D13E_DSC04509_a_1_D13E_a_136.png,32
D12E-D13E_DSC04509_a_1_D13E_a_137.png,27
D12E-D13E_DSC04509_a_1_D13E_a_138.png,28
D12E-D13E_DSC04509_a_1_D13E_a_139.png,28
D12E-D13E_DSC04509_a_1_D13E_a_14.png,84
D12E-D13E_DSC04509_a_1_D13E_a_140.png,47
D12E-D13E_DSC04509_a_1_D13E_a_141.png,66
D12E-D13E_DSC04509_a_1_D13E_a_142.png,28
D12E-D13E_DSC04509_a_1_D13E_a_143.png,23
D12E-D13E_DSC04509_a_1_D13E_a_144.png,38
D12E-D13E_DSC04509_a_1_D13E_a_146.png,149
D12E-D13E_DSC04509_a_1_D13E_a_147.png,132
D12E-D13E_DSC04509_a_1_D13E_a_148.png,105
D12E-D13E_DSC04509_a_1_D13E_a_149.png,47
D12E-D13E_DSC04509_a_1_D13E_a_150.png,47
D12E-D13E_DSC04509_a_1_D13E_a_153.png,87
D12E-D13E_DSC04509_a_1_D13E_a_154.png,35
D12E-D13E_DSC04509_a_1_D13E_a_157.png,63
D12E-D13E_DSC04509_a_1_D13E_a_160.png,43
D12E-D13E_DSC04509_a_1_D13E_a_161.png,33
D12E-D13E_DSC04509_a_1_D13E_a_162.png,97
D12E-D13E_DSC04509_a_1_D13E_a_163.png,43
D12E-D13E_DSC04509_a_1_D13E_a_164.png,48
D12E-D13E_DSC04509_a_1_D13E_a_165.png,35
D12E-D13E_DSC04509_a_1_D13E_a_166.png,112
D12E-D13E_DSC04509_a_1_D13E_a_167.png,71
D12E-D13E_DSC04509_a_1_D13E_a_168.png,58
D12E-D13E_DSC04509_a_1_D13E_a_169.png,44
D12E-D13E_DSC04509_a_1_D13E_a_17.png,58
D12E-D13E_DSC04509_a_1_D13E_a_171.png,23
D12E-D13E_DSC04509_a_1_D13E_a_172.png,66
D12E-D13E_DSC04509_a_1_D13E_a_173.png,58
D12E-D13E_DSC04509_a_1_D13E_a_174.png,72
D12E-D13E_DSC04509_a_1_D13E_a_175.png,64
D12E-D13E_DSC04509_a_1_D13E_a_176.png,69
D12E-D13E_DSC04509_a_1_D13E_a_177.png,90
D12E-D13E_DSC04509_a_1_D13E_a_178.png,85
D12E-D13E_DSC04509_a_1_D13E_a_18.png,47
D12E-D13E_DSC04509_a_1_D13E_a_182.png,62
D12E-D13E_DSC04509_a_1_D13E_a_183.png,75
D12E-D13E_DSC04509_a_1_D13E_a_184.png,82
D12E-D13E_DSC04509_a_1_D13E_a_186.png,86
D12E-D13E_DSC04509_a_1_D13E_a_187.png,20
D12E-D13E_DSC04509_a_1_D13E_a_188.png,28
D12E-D13E_DSC04509_a_1_D13E_a_189.png,60
D12E-D13E_DSC04509_a_1_D13E_a_190.png,35
D12E-D13E_DSC04509_a_1_D13E_a_191.png,30
D12E-D13E_DSC04509_a_1_D13E_a_193.png,32
D12E-D13E_DSC04509_a_1_D13E_a_195.png,44
D12E-D13E_DSC04509_a_1_D13E_a_196.png,63
D12E-D13E_DSC04509_a_1_D13E_a_198.png,32
D12E-D13E_DSC04509_a_1_D13E_a_199.png,46
D12E-D13E_DSC04509_a_1_D13E_a_2.png,66
D12E-D13E_DSC04509_a_1_D13E_a_200.png,58
D12E-D13E_DSC04509_a_1_D13E_a_201.png,63
D12E-D13E_DSC04509_a_1_D13E_a_202.png,76
D12E-D13E_DSC04509_a_1_D13E_a_204.png,59
D12E-D13E_DSC04509_a_1_D13E_a_205.png,59
D12E-D13E_DSC04509_a_1_D13E_a_206.png,64
D12E-D13E_DSC04509_a_1_D13E_a_207.png,53
D12E-D13E_DSC04509_a_1_D13E_a_208.png,88
D12E-D13E_DSC04509_a_1_D13E_a_209.png,97
D12E-D13E_DSC04509_a_1_D13E_a_21.png,32
D12E-D13E_DSC04509_a_1_D13E_a_211.png,40
D12E-D13E_DSC04509_a_1_D13E_a_212.png,68
D12E-D13E_DSC04509_a_1_D13E_a_213.png,41
D12E-D13E_DSC04509_a_1_D13E_a_214.png,27
D12E-D13E_DSC04509_a_1_D13E_a_215.png,28
D12E-D13E_DSC04509_a_1_D13E_a_216.png,64
D12E-D13E_DSC04509_a_1_D13E_a_217.png,41
D12E-D13E_DSC04509_a_1_D13E_a_218.png,46
D12E-D13E_DSC04509_a_1_D13E_a_219.png,98
D12E-D13E_DSC04509_a_1_D13E_a_22.png,42
D12E-D13E_DSC04509_a_1_D13E_a_220.png,58
D12E-D13E_DSC04509_a_1_D13E_a_221.png,36
D12E-D13E_DSC04509_a_1_D13E_a_222.png,90
D12E-D13E_DSC04509_a_1_D13E_a_224.png,60
D12E-D13E_DSC04509_a_1_D13E_a_225.png,25
D12E-D13E_DSC04509_a_1_D13E_a_226.png,61
D12E-D13E_DSC04509_a_1_D13E_a_228.png,85
D12E-D13E_DSC04509_a_1_D13E_a_229.png,77
D12E-D13E_DSC04509_a_1_D13E_a_23.png,30
D12E-D13E_DSC04509_a_1_D13E_a_230.png,73
D12E-D13E_DSC04509_a_1_D13E_a_231.png,84
D12E-D13E_DSC04509_a_1_D13E_a_232.png,27
D12E-D13E_DSC04509_a_1_D13E_a_233.png,29
D12E-D13E_DSC04509_a_1_D13E_a_235.png,23
D12E-D13E_DSC04509_a_1_D13E_a_237.png,51
D12E-D13E_DSC04509_a_1_D13E_a_239.png,85
D12E-D13E_DSC04509_a_1_D13E_a_24.png,53
D12E-D13E_DSC04509_a_1_D13E_a_240.png,21
D12E-D13E_DSC04509_a_1_D13E_a_241.png,24
D12E-D13E_DSC04509_a_1_D13E_a_243.png,60
D12E-D13E_DSC04509_a_1_D13E_a_245.png,41
D12E-D13E_DSC04509_a_1_D13E_a_247.png,54
D12E-D13E_DSC04509_a_1_D13E_a_248.png,23
D12E-D13E_DSC04509_a_1_D13E_a_249.png,20
D12E-D13E_DSC04509_a_1_D13E_a_25.png,37
D12E-D13E_DSC04509_a_1_D13E_a_251.png,22
D12E-D13E_DSC04509_a_1_D13E_a_252.png,18
D12E-D13E_DSC04509_a_1_D13E_a_253.png,88
D12E-D13E_DSC04509_a_1_D13E_a_254.png,17
D12E-D13E_DSC04509_a_1_D13E_a_255.png,48
D12E-D13E_DSC04509_a_1_D13E_a_256.png,38
D12E-D13E_DSC04509_a_1_D13E_a_257.png,24
D12E-D13E_DSC04509_a_1_D13E_a_258.png,8
D12E-D13E_DSC04509_a_1_D13E_a_259.png,42
D12E-D13E_DSC04509_a_1_D13E_a_26.png,86
D12E-D13E_DSC04509_a_1_D13E_a_261.png,51
D12E-D13E_DSC04509_a_1_D13E_a_262.png,38
D12E-D13E_DSC04509_a_1_D13E_a_263.png,40
D12E-D13E_DSC04509_a_1_D13E_a_264.png,49
D12E-D13E_DSC04509_a_1_D13E_a_265.png,39
D12E-D13E_DSC04509_a_1_D13E_a_267.png,28
D12E-D13E_DSC04509_a_1_D13E_a_268.png,88
D12E-D13E_DSC04509_a_1_D13E_a_269.png,73
D12E-D13E_DSC04509_a_1_D13E_a_27.png,63
D12E-D13E_DSC04509_a_1_D13E_a_270.png,28
D12E-D13E_DSC04509_a_1_D13E_a_271.png,19
D12E-D13E_DSC04509_a_1_D13E_a_272.png,20
D12E-D13E_DSC04509_a_1_D13E_a_273.png,11
D12E-D13E_DSC04509_a_1_D13E_a_274.png,50
D12E-D13E_DSC04509_a_1_D13E_a_275.png,76
D12E-D13E_DSC04509_a_1_D13E_a_276.png,121
D12E-D13E_DSC04509_a_1_D13E_a_278.png,108
D12E-D13E_DSC04509_a_1_D13E_a_279.png,24
D12E-D13E_DSC04509_a_1_D13E_a_28.png,53
D12E-D13E_DSC04509_a_1_D13E_a_280.png,85
D12E-D13E_DSC04509_a_1_D13E_a_281.png,44
D12E-D13E_DSC04509_a_1_D13E_a_283.png,25
D12E-D13E_DSC04509_a_1_D13E_a_285.png,55
D12E-D13E_DSC04509_a_1_D13E_a_286.png,66
D12E-D13E_DSC04509_a_1_D13E_a_288.png,94
D12E-D13E_DSC04509_a_1_D13E_a_289.png,73
D12E-D13E_DSC04509_a_1_D13E_a_290.png,39
D12E-D13E_DSC04509_a_1_D13E_a_291.png,60
D12E-D13E_DSC04509_a_1_D13E_a_293.png,88
D12E-D13E_DSC04509_a_1_D13E_a_295.png,118
D12E-D13E_DSC04509_a_1_D13E_a_296.png,62
D12E-D13E_DSC04509_a_1_D13E_a_297.png,67
D12E-D13E_DSC04509_a_1_D13E_a_299.png,24
D12E-D13E_DSC04509_a_1_D13E_a_3.png,50
D12E-D13E_DSC04509_a_1_D13E_a_30.png,30
D12E-D13E_DSC04509_a_1_D13E_a_301.png,37
D12E-D13E_DSC04509_a_1_D13E_a_303.png,34
D12E-D13E_DSC04509_a_1_D13E_a_304.png,42
D12E-D13E_DSC04509_a_1_D13E_a_305.png,71
D12E-D13E_DSC04509_a_1_D13E_a_308.png,22
D12E-D13E_DSC04509_a_1_D13E_a_309.png,21
D12E-D13E_DSC04509_a_1_D13E_a_31.png,37
D12E-D13E_DSC04509_a_1_D13E_a_310.png,29
D12E-D13E_DSC04509_a_1_D13E_a_311.png,30
D12E-D13E_DSC04509_a_1_D13E_a_312.png,32
D12E-D13E_DSC04509_a_1_D13E_a_313.png,60
D12E-D13E_DSC04509_a_1_D13E_a_314.png,21
D12E-D13E_DSC04509_a_1_D13E_a_315.png,28
D12E-D13E_DSC04509_a_1_D13E_a_316.png,83
D12E-D13E_DSC04509_a_1_D13E_a_317.png,86
D12E-D13E_DSC04509_a_1_D13E_a_319.png,30
D12E-D13E_DSC04509_a_1_D13E_a_320.png,41
D12E-D13E_DSC04509_a_1_D13E_a_321.png,31
D12E-D13E_DSC04509_a_1_D13E_a_322.png,28
D12E-D13E_DSC04509_a_1_D13E_a_323.png,29
D12E-D13E_DSC04509_a_1_D13E_a_324.png,45
D12E-D13E_DSC04509_a_1_D13E_a_325.png,25
D12E-D13E_DSC04509_a_1_D13E_a_326.png,64
D12E-D13E_DSC04509_a_1_D13E_a_327.png,23
D12E-D13E_DSC04509_a_1_D13E_a_328.png,42
D12E-D13E_DSC04509_a_1_D13E_a_329.png,145
D12E-D13E_DSC04509_a_1_D13E_a_33.png,87
D12E-D13E_DSC04509_a_1_D13E_a_331.png,106
D12E-D13E_DSC04509_a_1_D13E_a_332.png,43
D12E-D13E_DSC04509_a_1_D13E_a_333.png,49
D12E-D13E_DSC04509_a_1_D13E_a_334.png,12
D12E-D13E_DSC04509_a_1_D13E_a_335.png,13
D12E-D13E_DSC04509_a_1_D13E_a_336.png,16
D12E-D13E_DSC04509_a_1_D13E_a_338.png,29
D12E-D13E_DSC04509_a_1_D13E_a_339.png,17
D12E-D13E_DSC04509_a_1_D13E_a_34.png,12
D12E-D13E_DSC04509_a_1_D13E_a_341.png,21
D12E-D13E_DSC04509_a_1_D13E_a_342.png,41
D12E-D13E_DSC04509_a_1_D13E_a_343.png,80
D12E-D13E_DSC04509_a_1_D13E_a_344.png,90
D12E-D13E_DSC04509_a_1_D13E_a_345.png,35
D12E-D13E_DSC04509_a_1_D13E_a_346.png,62
D12E-D13E_DSC04509_a_1_D13E_a_347.png,59
D12E-D13E_DSC04509_a_1_D13E_a_348.png,37
D12E-D13E_DSC04509_a_1_D13E_a_349.png,53
D12E-D13E_DSC04509_a_1_D13E_a_35.png,33
D12E-D13E_DSC04509_a_1_D13E_a_350.png,72
D12E-D13E_DSC04509_a_1_D13E_a_351.png,117
D12E-D13E_DSC04509_a_1_D13E_a_352.png,93
D12E-D13E_DSC04509_a_1_D13E_a_353.png,60
D12E-D13E_DSC04509_a_1_D13E_a_356.png,87
D12E-D13E_DSC04509_a_1_D13E_a_357.png,58
D12E-D13E_DSC04509_a_1_D13E_a_358.png,31
D12E-D13E_DSC04509_a_1_D13E_a_359.png,39
D12E-D13E_DSC04509_a_1_D13E_a_36.png,95
D12E-D13E_DSC04509_a_1_D13E_a_360.png,55
D12E-D13E_DSC04509_a_1_D13E_a_361.png,48
D12E-D13E_DSC04509_a_1_D13E_a_362.png,38
D12E-D13E_DSC04509_a_1_D13E_a_363.png,67
D12E-D13E_DSC04509_a_1_D13E_a_364.png,53
D12E-D13E_DSC04509_a_1_D13E_a_365.png,67
D12E-D13E_DSC04509_a_1_D13E_a_367.png,40
D12E-D13E_DSC04509_a_1_D13E_a_368.png,91
D12E-D13E_DSC04509_a_1_D13E_a_369.png,44
D12E-D13E_DSC04509_a_1_D13E_a_37.png,61
D12E-D13E_DSC04509_a_1_D13E_a_370.png,40
D12E-D13E_DSC04509_a_1_D13E_a_371.png,32
D12E-D13E_DSC04509_a_1_D13E_a_372.png,83
D12E-D13E_DSC04509_a_1_D13E_a_373.png,40
D12E-D13E_DSC04509_a_1_D13E_a_375.png,102
D12E-D13E_DSC04509_a_1_D13E_a_376.png,112
D12E-D13E_DSC04509_a_1_D13E_a_378.png,101
D12E-D13E_DSC04509_a_1_D13E_a_379.png,113
D12E-D13E_DSC04509_a_1_D13E_a_38.png,25
D12E-D13E_DSC04509_a_1_D13E_a_380.png,41
D12E-D13E_DSC04509_a_1_D13E_a_381.png,55
D12E-D13E_DSC04509_a_1_D13E_a_383.png,38
D12E-D13E_DSC04509_a_1_D13E_a_384.png,24
D12E-D13E_DSC04509_a_1_D13E_a_385.png,62
D12E-D13E_DSC04509_a_1_D13E_a_386.png,62
D12E-D13E_DSC04509_a_1_D13E_a_389.png,73
D12E-D13E_DSC04509_a_1_D13E_a_390.png,78
D12E-D13E_DSC04509_a_1_D13E_a_391.png,59
D12E-D13E_DSC04509_a_1_D13E_a_392.png,97
D12E-D13E_DSC04509_a_1_D13E_a_393.png,91
D12E-D13E_DSC04509_a_1_D13E_a_394.png,86
D12E-D13E_DSC04509_a_1_D13E_a_395.png,44
D12E-D13E_DSC04509_a_1_D13E_a_4.png,66
D12E-D13E_DSC04509_a_1_D13E_a_40.png,29
D12E-D13E_DSC04509_a_1_D13E_a_400.png,51
D12E-D13E_DSC04509_a_1_D13E_a_402.png,70
D12E-D13E_DSC04509_a_1_D13E_a_403.png,70
D12E-D13E_DSC04509_a_1_D13E_a_404.png,90
D12E-D13E_DSC04509_a_1_D13E_a_405.png,50
D12E-D13E_DSC04509_a_1_D13E_a_406.png,88
D12E-D13E_DSC04509_a_1_D13E_a_407.png,64
D12E-D13E_DSC04509_a_1_D13E_a_408.png,89
D12E-D13E_DSC04509_a_1_D13E_a_409.png,62
D12E-D13E_DSC04509_a_1_D13E_a_41.png,88
D12E-D13E_DSC04509_a_1_D13E_a_410.png,75
D12E-D13E_DSC04509_a_1_D13E_a_411.png,82
D12E-D13E_DSC04509_a_1_D13E_a_412.png,21
D12E-D13E_DSC04509_a_1_D13E_a_414.png,111
D12E-D13E_DSC04509_a_1_D13E_a_415.png,25
D12E-D13E_DSC04509_a_1_D13E_a_416.png,39
D12E-D13E_DSC04509_a_1_D13E_a_417.png,55
D12E-D13E_DSC04509_a_1_D13E_a_418.png,30
D12E-D13E_DSC04509_a_1_D13E_a_419.png,24
D12E-D13E_DSC04509_a_1_D13E_a_42.png,74
D12E-D13E_DSC04509_a_1_D13E_a_420.png,53
D12E-D13E_DSC04509_a_1_D13E_a_421.png,57
D12E-D13E_DSC04509_a_1_D13E_a_422.png,80
D12E-D13E_DSC04509_a_1_D13E_a_423.png,32
D12E-D13E_DSC04509_a_1_D13E_a_424.png,25
D12E-D13E_DSC04509_a_1_D13E_a_427.png,77
D12E-D13E_DSC04509_a_1_D13E_a_428.png,63
D12E-D13E_DSC04509_a_1_D13E_a_429.png,58
D12E-D13E_DSC04509_a_1_D13E_a_43.png,30
D12E-D13E_DSC04509_a_1_D13E_a_430.png,51
D12E-D13E_DSC04509_a_1_D13E_a_431.png,71
D12E-D13E_DSC04509_a_1_D13E_a_432.png,48
D12E-D13E_DSC04509_a_1_D13E_a_434.png,36
D12E-D13E_DSC04509_a_1_D13E_a_435.png,47
D12E-D13E_DSC04509_a_1_D13E_a_436.png,55
D12E-D13E_DSC04509_a_1_D13E_a_437.png,36
D12E-D13E_DSC04509_a_1_D13E_a_438.png,35
D12E-D13E_DSC04509_a_1_D13E_a_44.png,87
D12E-D13E_DSC04509_a_1_D13E_a_441.png,59
D12E-D13E_DSC04509_a_1_D13E_a_46.png,59
D12E-D13E_DSC04509_a_1_D13E_a_47.png,62
D12E-D13E_DSC04509_a_1_D13E_a_49.png,87
D12E-D13E_DSC04509_a_1_D13E_a_5.png,63
D12E-D13E_DSC04509_a_1_D13E_a_50.png,26
D12E-D13E_DSC04509_a_1_D13E_a_51.png,47
D12E-D13E_DSC04509_a_1_D13E_a_53.png,80
D12E-D13E_DSC04509_a_1_D13E_a_54.png,25
D12E-D13E_DSC04509_a_1_D13E_a_56.png,29
D12E-D13E_DSC04509_a_1_D13E_a_57.png,20
D12E-D13E_DSC04509_a_1_D13E_a_59.png,24
D12E-D13E_DSC04509_a_1_D13E_a_6.png,81
D12E-D13E_DSC04509_a_1_D13E_a_60.png,48
D12E-D13E_DSC04509_a_1_D13E_a_61.png,43
D12E-D13E_DSC04509_a_1_D13E_a_62.png,75
D12E-D13E_DSC04509_a_1_D13E_a_63.png,83
D12E-D13E_DSC04509_a_1_D13E_a_64.png,45
D12E-D13E_DSC04509_a_1_D13E_a_65.png,25
D12E-D13E_DSC04509_a_1_D13E_a_66.png,24
D12E-D13E_DSC04509_a_1_D13E_a_67.png,92
D12E-D13E_DSC04509_a_1_D13E_a_69.png,15
D12E-D13E_DSC04509_a_1_D13E_a_7.png,65
D12E-D13E_DSC04509_a_1_D13E_a_70.png,50
D12E-D13E_DSC04509_a_1_D13E_a_72.png,22
D12E-D13E_DSC04509_a_1_D13E_a_73.png,37
D12E-D13E_DSC04509_a_1_D13E_a_74.png,64
D12E-D13E_DSC04509_a_1_D13E_a_75.png,22
D12E-D13E_DSC04509_a_1_D13E_a_77.png,17
D12E-D13E_DSC04509_a_1_D13E_a_78.png,11
D12E-D13E_DSC04509_a_1_D13E_a_79.png,20
D12E-D13E_DSC04509_a_1_D13E_a_81.png,11
D12E-D13E_DSC04509_a_1_D13E_a_82.png,15
D12E-D13E_DSC04509_a_1_D13E_a_83.png,19
D12E-D13E_DSC04509_a_1_D13E_a_84.png,67
D12E-D13E_DSC04509_a_1_D13E_a_85.png,104
D12E-D13E_DSC04509_a_1_D13E_a_86.png,26
D12E-D13E_DSC04509_a_1_D13E_a_87.png,52
D12E-D13E_DSC04509_a_1_D13E_a_89.png,81
D12E-D13E_DSC04509_a_1_D13E_a_9.png,58
D12E-D13E_DSC04509_a_1_D13E_a_94.png,25
D12E-D13E_DSC04509_a_1_D13E_a_96.png,42
D12E-D13E_DSC04509_a_1_D13E_a_98.png,68
